title,summary,link,published,source,collected_at,relevance_score,matched_categories,interest_level
"FEATUREDOriginality.ai Patented Breakthrough Technology: All-in-One Text Analysis & VerificationLearn about Originality.ai's patented breakthrough technology, a text verification tool that checks for AI, plagiarism, accuracy, readability, and more.Jonathan GillhamMay 21, 2026",Consulter le site officiel pour lire l'intégralité de l'article.,https://originality.ai/blog/originality-ai-patent,2026-05-25T11:49:51.143489,Originality.ai Blog,2026-05-25T11:49:51.143490,5,tools_to_watch,Moyen
"FEATUREDAI Detection Accuracy Studies — Meta-Analysis of 14 StudiesA comprehensive overview and meta-analysis of academic research and studies that demonstrate the exceptional performance of Originality.ai in detecting AI-generated text.Jonathan GillhamApril 1, 2026",Consulter le site officiel pour lire l'intégralité de l'article.,https://originality.ai/blog/ai-detection-studies-round-up,2026-05-25T11:49:51.143515,Originality.ai Blog,2026-05-25T11:49:51.143516,5,tools_to_watch,Moyen
"FEATUREDWe Have 99% Accuracy in Detecting AI: Originality.ai StudyWe believe that it is crucial for AI content detectors reported accuracy to be open, transparent, and accountable. The reality is, each person seeking AI-detection services deserves to know which detector is the most accurate for their specific use case.Jonathan GillhamJanuary 28, 2026",Consulter le site officiel pour lire l'intégralité de l'article.,https://originality.ai/blog/ai-accuracy,2026-05-25T11:49:51.143532,Originality.ai Blog,2026-05-25T11:49:51.143533,10,"tools_to_watch,core_keywords",Fort
"Originality.ai 2025: Year in Review2025 brought major AI detection model upgrades, new features, exciting conferences, and impactful research, leading to major media attention. Check out Originality.ai’s 2025 year in review!",Consulter le site officiel pour lire l'intégralité de l'article.,https://originality.ai/blog/year-in-review-2025,2026-05-25T11:49:51.143588,Originality.ai Blog,2026-05-25T11:49:51.143589,5,tools_to_watch,Moyen
"Introducing: Content Quality ScoreIntroducing Originality.ai Content Quality Score! Discover our latest feature and check how teachers or editors may perceive your essay, paper, or article before it’s submitted.",Consulter le site officiel pour lire l'intégralité de l'article.,https://originality.ai/blog/new-feature-content-quality-score,2026-05-25T11:49:51.143645,Originality.ai Blog,2026-05-25T11:49:51.143647,5,tools_to_watch,Moyen
AI Fact Checking Accuracy StudyDiscover Originality.ai’s best-in-class fact checker. Find out how the Originality.ai Fact Checker compares to GPT-4o and GPT-5 in this accuracy study.,Consulter le site officiel pour lire l'intégralité de l'article.,https://originality.ai/blog/ai-fact-checking-accuracy,2026-05-25T11:49:51.143696,Originality.ai Blog,2026-05-25T11:49:51.143697,5,tools_to_watch,Moyen
Is Google Gemini Pro 1.5 Content Detectable?Discover if Google Gemini Pro 1.5 content is detectable. Our study shows 96.4% accuracy with Model 2.0 and 98.4% with 3.0 Turbo. Learn more at Originality.ai!,Consulter le site officiel pour lire l'intégralité de l'article.,https://originality.ai/blog/google-gemini-pro-content-detectable,2026-05-25T11:49:51.143802,Originality.ai Blog,2026-05-25T11:49:51.143803,5,tools_to_watch,Moyen
"Did DeepSeek Copy ChatGPT and is it Detectable?Using our proprietary Originality.ai AI detection tool, we analyzed DeepSeek Chat to find out if the LLM that disrupted the AI industry is detectable. Plus, see the latest AI detection accuracy for DeepSeek V3.2 (2025) and DeepSeek V4 Flash and V4 Pro (2026).",Consulter le site officiel pour lire l'intégralité de l'article.,https://originality.ai/blog/is-deepseek-detectable,2026-05-25T11:49:51.143873,Originality.ai Blog,2026-05-25T11:49:51.143875,5,tools_to_watch,Moyen
"How Can Students Use AI Ethically? Everything You Need to KnowAI in education is here to stay. Learn how students can use AI responsibly, and prove that their work is their own with tools like the Originality.ai Chrome Extension.",Consulter le site officiel pour lire l'intégralité de l'article.,https://originality.ai/blog/how-can-students-use-ai-ethically,2026-05-25T11:49:51.143890,Originality.ai Blog,2026-05-25T11:49:51.143891,7,"tools_to_watch,regulation_academic",Moyen
"Niche Idea Generator ToolAs you browse through the web looking for new business ideas, you tend to encounter some issues as regards discovering lucrative niche markets. Thanks to the Originality.ai’s niche generator, there is a solution. It effortlessly identifies profitable niches based on realistic market research. By leveraging on trends across numerous search volumes, the niche generator can shine a light on niches primed for growth. What a way to access hidden opportunities in niche markets.",Consulter le site officiel pour lire l'intégralité de l'article.,https://originality.ai/blog/niche-idea-generator,2026-05-25T11:49:51.143924,Originality.ai Blog,2026-05-25T11:49:51.143925,5,tools_to_watch,Moyen
"Is Llama 4 Maverick and Scout AI Content Detectable?Meta released Llama 4 Maverick and Llama 4 Scout in 2025. In this brief study, we reviewed Llama 4 Maverick and Llama 4 Scout to find out if their content is detectable by Originality.ai.",Consulter le site officiel pour lire l'intégralité de l'article.,https://originality.ai/blog/llama-ai-content-detectable,2026-05-25T11:49:51.143941,Originality.ai Blog,2026-05-25T11:49:51.143942,5,tools_to_watch,Moyen
Is Loopple's AI Review Generator Detectable?Can Originality.ai detect Loopple's Review Generator? Find out in this in-depth Loople review!,Consulter le site officiel pour lire l'intégralité de l'article.,https://originality.ai/blog/loopple-ai-review,2026-05-25T11:49:51.144041,Originality.ai Blog,2026-05-25T11:49:51.144042,5,tools_to_watch,Moyen
WriteSafe Plagiarism Checker ReviewCan the WriteSafe plagiarism checker detect plagiarism? We tested it against the Originality.ai plagiarism detector. See which tool comes out ahead in our comparative WriteSafe review.,Consulter le site officiel pour lire l'intégralité de l'article.,https://originality.ai/blog/writesafe-plagiarism-review,2026-05-25T11:49:51.144119,Originality.ai Blog,2026-05-25T11:49:51.144120,10,"tools_to_watch,core_keywords",Fort
"Sentence SimplifierHave you heard about a tool that simply simplifies and summarizes long essays or write-ups for you? Well, the Originality.ai’s Sentence simplifier does just that and more! Imagine reading a bunch of words filled with complicated and advanced words, and you just find it hard to understand what you are reading, then this tool is exactly what you need.",Consulter le site officiel pour lire l'intégralité de l'article.,https://originality.ai/blog/sentence-simplifier,2026-05-25T11:49:51.144151,Originality.ai Blog,2026-05-25T11:49:51.144152,5,tools_to_watch,Moyen
"Text EnhancerClarity in writing is one of the areas that human beings have devoted a lot of their time to cultivating. While correcting grammatical and especially orthographical mistakes using such options as spell check and grammar tools is rather simple, it remains complicated to enrich the deeper parameters of writing. Glad to introduce you to Originality.ai Text Enhancer, which aims to help you address this problem painlessly. The Originality.ai Text Enhancer’s purpose is to enhance your writing style, flow, and use of words and phrases. It also keeps the meaning and intent of your text intact.",Consulter le site officiel pour lire l'intégralité de l'article.,https://originality.ai/blog/text-enhancer,2026-05-25T11:49:51.144167,Originality.ai Blog,2026-05-25T11:49:51.144168,5,tools_to_watch,Moyen
AgencyHandy Review: Are Its AI-Generated Blogs Detectable?Are AI blogs generated by AgencyHandy’s blog generator detectable by AI content detectors? We break down how it works and whether the blogs it generates are detectable as Likely AI in this in-depth review.,Consulter le site officiel pour lire l'intégralité de l'article.,https://originality.ai/blog/agencyhandy-ai-blog-review,2026-05-25T11:49:51.144184,Originality.ai Blog,2026-05-25T11:49:51.144185,5,core_keywords,Moyen
iWeaver AI Review: Are Its AI-Generated Blogs Detectable?Can AI-generated blog posts from iWeaver get past modern AI content detectors? We’ll take an in-depth look at the iWeaver AI blog generator and whether it is detectable in this review.,Consulter le site officiel pour lire l'intégralité de l'article.,https://originality.ai/blog/iweaver-ai-review,2026-05-25T11:49:51.144280,Originality.ai Blog,2026-05-25T11:49:51.144281,5,core_keywords,Moyen
"Story GeneratorThe Originality.ai Story Generator is not just a simple tool that produces a plot at random. It is a very complex element that considers such factors as character progression, plot advancement, and the creation of a universe.",Consulter le site officiel pour lire l'intégralité de l'article.,https://originality.ai/blog/story-generator,2026-05-25T11:49:51.144295,Originality.ai Blog,2026-05-25T11:49:51.144297,5,tools_to_watch,Moyen
Is GPT-5.3 Instant and GPT-5.4 Content Detectable?OpenAI just released GPT-5.3 Instant and GPT-5.4 in March 2026. Is GPT-5.3 Instant and GPT-5.4-generated text still detectable as AI by the industry-leading Originality.ai AI Checker? These are our findings.,Consulter le site officiel pour lire l'intégralité de l'article.,https://originality.ai/blog/are-gpt-5-3-and-5-4-detectable,2026-05-25T11:49:51.144310,Originality.ai Blog,2026-05-25T11:49:51.144312,5,tools_to_watch,Moyen
Highperformr AI Blog Post Generator: Is it Detectable?Find out whether the Highperformr AI Blog Post Generator’s blogs are detectable by AI content detectors in this in-depth review.,Consulter le site officiel pour lire l'intégralité de l'article.,https://originality.ai/blog/highperformr-ai-review,2026-05-25T11:49:51.144326,Originality.ai Blog,2026-05-25T11:49:51.144327,5,core_keywords,Moyen
"30% of Public Feedback on Higher Education Act Changes (Student Financial Aid) was Likely AIIn 2025, the US Department of Education held a public hearing, accepting comments and feedback about changes to the Higher Education Act for Federal student financial assistance programs. At Originality.ai, we analyzed how much of that feedback was Likely AI.",Consulter le site officiel pour lire l'intégralité de l'article.,https://originality.ai/blog/higher-education-act-changes-public-feedback-study,2026-05-25T11:49:51.144358,Originality.ai Blog,2026-05-25T11:49:51.144359,5,tools_to_watch,Moyen
"Oreate AI Humanizer: Is It Detectable?Is the Oreate AI Humanizer detectable? We tested this AI humanizer against Originality.ai, ZeroGPT, and Writer. See the full results in our Oreate AI humanizer review.",Consulter le site officiel pour lire l'intégralité de l'article.,https://originality.ai/blog/oreate-ai-review,2026-05-25T11:49:51.144389,Originality.ai Blog,2026-05-25T11:49:51.144390,10,"tools_to_watch,evasion_bypass",Fort
"AI Prompt GeneratorDiscover the NEW Originality.ai AI Prompt Generator. Conveniently generate and fine-tune prompts. Plus, run your prompts in the Originality.ai web app to create text and image content.",Consulter le site officiel pour lire l'intégralité de l'article.,https://originality.ai/blog/ai-prompt-generator,2026-05-25T11:49:51.144420,Originality.ai Blog,2026-05-25T11:49:51.144421,5,tools_to_watch,Moyen
PlagiarismRemover: ReviewCan PlagiarismRemover accurately detect plagiarism? We tested the online plagiarism checker against Originality.ai. See the results in our PlagiarismRemover review.,Consulter le site officiel pour lire l'intégralité de l'article.,https://originality.ai/blog/plagiarismremover-review,2026-05-25T11:49:51.144468,Originality.ai Blog,2026-05-25T11:49:51.144469,5,tools_to_watch,Moyen
"Meet the Upgraded Originality.ai Chrome Extension for Google DocsStreamline content verification and ensure authenticity with the Originality.ai Chrome Extension. A must-have tool for editors, marketing agencies, and web publishers.",Consulter le site officiel pour lire l'intégralité de l'article.,https://originality.ai/blog/originality-updated-ai-chrome-extension,2026-05-25T11:49:51.144507,Originality.ai Blog,2026-05-25T11:49:51.144508,8,"cybersecurity_forensic,tools_to_watch",Moyen
CopyChecker Plagiarism Checker ReviewDoes CopyChecker detect plagiarism? We tested it against Originality.ai and share the results with you in this detailed CopyChecker plagiarism checker review.,Consulter le site officiel pour lire l'intégralité de l'article.,https://originality.ai/blog/copychecker-review,2026-05-25T11:49:51.144554,Originality.ai Blog,2026-05-25T11:49:51.144555,5,tools_to_watch,Moyen
MoltBook’s Viral Agent Posts Produce 3 x More Harmful Factual Errors Than RedditMoltBook may be making waves in the media… but these viral agent posts are highly concerning. Originality.ai’s study with our proprietary fact-checking software found that Moltbook produces 3 X more harmful factual errors than Reddit.,Consulter le site officiel pour lire l'intégralité de l'article.,https://originality.ai/blog/moltbook-study,2026-05-25T11:49:51.144619,Originality.ai Blog,2026-05-25T11:49:51.144620,5,tools_to_watch,Moyen
WriteMail AI Email Writer Review: Is it Detectable?Are the AI emails generated by the WriteMail AI Email Writer still detectable? We test an AI email sample in this in-depth review to see if it’s detectable by Originality.ai and other popular AI detectors.,Consulter le site officiel pour lire l'intégralité de l'article.,https://originality.ai/blog/writemail-ai-review,2026-05-25T11:49:51.144665,Originality.ai Blog,2026-05-25T11:49:51.144666,5,tools_to_watch,Moyen
Is CoSchedule's Hire Mia AI Marketing Humanizer Detectable?Discover if CoSchedule’s Hire Mia AI Marketing Humanizer can produce more human-like content that evades AI detection tools.,Consulter le site officiel pour lire l'intégralité de l'article.,https://originality.ai/blog/coschedule-hiremia-review,2026-05-25T11:49:51.144686,Originality.ai Blog,2026-05-25T11:49:51.144687,5,evasion_bypass,Moyen
Surgegraph.io: AI Detector ReviewDoes the Surgegraph.io AI detector really detect AI content? We tested Surgegraph against the Originality.ai AI detector. See our full results and review here.,Consulter le site officiel pour lire l'intégralité de l'article.,https://originality.ai/blog/surgegraph-io-ai-detector-review,2026-05-25T11:49:51.144717,Originality.ai Blog,2026-05-25T11:49:51.144718,5,tools_to_watch,Moyen
PaperRater: Plagiarism Checker ReviewWe review PaperRater’s plagiarism checker to see how it detects plagiarism when compared to the Originality.ai plagiarism checker. Read more in this detailed review.,Consulter le site officiel pour lire l'intégralité de l'article.,https://originality.ai/blog/paperrater-plagiarism-checker-review,2026-05-25T11:49:51.144733,Originality.ai Blog,2026-05-25T11:49:51.144734,5,tools_to_watch,Moyen
SEO Tools Centre: Plagiarism Checker ReviewSee how the SEO Tools Centre plagiarism checker compares to the Originality.ai plagiarism checker in this detailed plagiarism detector review.,Consulter le site officiel pour lire l'intégralité de l'article.,https://originality.ai/blog/seo-tools-centre-plagiarism-checker-review,2026-05-25T11:49:51.144784,Originality.ai Blog,2026-05-25T11:49:51.144785,5,tools_to_watch,Moyen
Skandy: Plagiarism Checker ReviewSee how the Skandy plagiarism checker compares to the Originality.ai plagiarism checker in this detailed plagiarism detector review,Consulter le site officiel pour lire l'intégralité de l'article.,https://originality.ai/blog/skandy-plagiarism-checker-review,2026-05-25T11:49:51.144802,Originality.ai Blog,2026-05-25T11:49:51.144803,5,tools_to_watch,Moyen
"University of Wisconsin-Madison Study Finds That Originality.ai Effectively Identifies Student-Written College Coursework From AI-Generated TextAccording to the 2024 study, “Students are using large language models and AI detectors can often detect their use,” Originality.ai is highly effective at identifying AI-generated and AI-modified text.",Consulter le site officiel pour lire l'intégralité de l'article.,https://originality.ai/blog/ai-text-detection-college-coursework,2026-05-25T11:49:51.144868,Originality.ai Blog,2026-05-25T11:49:51.144869,5,tools_to_watch,Moyen
Summarizer AI Humanizer: Can It Bypass Popular AI Detectors?Can humanized AI text really slip past today’s strongest AI detectors? We put the Summarizer AI Humanizer to the test in this review.,Consulter le site officiel pour lire l'intégralité de l'article.,https://originality.ai/blog/summarizer-ai-humanizer-review,2026-05-25T11:49:51.144978,Originality.ai Blog,2026-05-25T11:49:51.144979,5,evasion_bypass,Moyen
"Apology Letter Template and GeneratorConveniently generate an apology letter, email, or speech. Communicate your apology and prepare the best apology letter with the Originality.ai Apology Letter Template and Generator.",Consulter le site officiel pour lire l'intégralité de l'article.,https://originality.ai/blog/apology-letter-template-and-generator,2026-05-25T11:49:51.145009,Originality.ai Blog,2026-05-25T11:49:51.145010,5,tools_to_watch,Moyen
Social Media Content Calendar TemplateStreamline the planning process for your social media content calendar with the Originality.ai social media content calendar template generator.,Consulter le site officiel pour lire l'intégralité de l'article.,https://originality.ai/blog/social-media-content-calendar-template,2026-05-25T11:49:51.145024,Originality.ai Blog,2026-05-25T11:49:51.145025,5,tools_to_watch,Moyen
Originality.ai Content Calendar Template GeneratorMake planning your content calendar a breeze with the free Originality.ai Content Calendar Template Generator tool.,Consulter le site officiel pour lire l'intégralité de l'article.,https://originality.ai/blog/originality-ai-content-calendar-template-generator,2026-05-25T11:49:51.145039,Originality.ai Blog,2026-05-25T11:49:51.145040,5,tools_to_watch,Moyen
"Freelance Contract Template GeneratorGenerate a freelance contract quickly, efficiently, and with custom inputs using the Originality.ai freelance contract template and generator.",Consulter le site officiel pour lire l'intégralité de l'article.,https://originality.ai/blog/freelance-contract-template-generator,2026-05-25T11:49:51.145071,Originality.ai Blog,2026-05-25T11:49:51.145072,5,tools_to_watch,Moyen
LinkedIn Job Posting & Description TemplateWrite a clear and professional LinkedIn job announcement with the Originality.ai LinkedIn Job Announcement Template and Generator.,Consulter le site officiel pour lire l'intégralité de l'article.,https://originality.ai/blog/linkedin-job-posting-description-template,2026-05-25T11:49:51.145086,Originality.ai Blog,2026-05-25T11:49:51.145087,5,tools_to_watch,Moyen
LinkedIn Message TemplateExperiencing writer’s block while writing LinkedIn messages? Use the Originality.ai LinkedIn message template to quickly generate messages and stay connected.,Consulter le site officiel pour lire l'intégralité de l'article.,https://originality.ai/blog/linkedin-message-template,2026-05-25T11:49:51.145102,Originality.ai Blog,2026-05-25T11:49:51.145104,5,tools_to_watch,Moyen
"Resume GeneratorWriting a resume that stands out to recruiters, prospective employers, and hiring managers is a lengthy process. Save time with the Originality.ai Resume Generator and generate a customizable resume template.",Consulter le site officiel pour lire l'intégralité de l'article.,https://originality.ai/blog/resume-generator,2026-05-25T11:49:51.145133,Originality.ai Blog,2026-05-25T11:49:51.145134,5,tools_to_watch,Moyen
