title,summary,link,published,source,collected_at,relevance_score,matched_categories,interest_level,narrative_summary
We Tested the Best AI Detectors in 2026. Here’s What Actually Worked,"We reviewed the most popular AI detectors in the market for accuracy, false positives, pricing, and real-world reliability. Learn which tool you can actually trust and use. The post We Tested the Best AI Detectors in 2026. Here’s What Actually Worked appeared first on Winston AI .",https://gowinston.ai/best-ai-detector-in-2026/,"Thu, 21 May 2026 14:44:51 +0000",Winston AI Blog,2026-05-21T23:22:15.629770,7,"tools_to_watch,quality_benchmarks",Moyen,"We reviewed the most popular AI detectors in the market for accuracy, false positives, pricing, and real-world reliability. Here’s What Actually Worked appeared first on Winston AI ."
Uncheck AI Humanizer Review: Can It Bypass Leading AI Detectors?,Uncheck AI makes a bold claim to bypass major AI detectors with its AI humanizer. So we decided to put its humanized version to test on six major AI detectors. The results were mixed. Here's how Uncheck AI actually performed.,https://gptzero.me/news/uncheck-ai-humanizer-review/,"Thu, 21 May 2026 18:07:02 GMT",GPTZero News,2026-05-21T23:22:15.926264,5,evasion_bypass,Moyen,Uncheck AI Humanizer Review: Can It Bypass Leading AI Detectors?. Uncheck AI makes a bold claim to bypass major AI detectors with its AI humanizer.
"FEATUREDOriginality.ai Patented Breakthrough Technology: All-in-One Text Analysis & VerificationLearn about Originality.ai's patented breakthrough technology, a text verification tool that checks for AI, plagiarism, accuracy, readability, and more.Jonathan GillhamMay 21, 2026",Consulter le site officiel pour lire l'intégralité de l'article.,https://originality.ai/blog/originality-ai-patent,2026-05-21T23:22:18.509914,Originality.ai Blog,2026-05-21T23:22:18.509915,5,tools_to_watch,Moyen,"FEATUREDOriginality.ai Patented Breakthrough Technology: All-in-One Text Analysis & VerificationLearn about Originality.ai's patented breakthrough technology, a text verification tool that checks for AI, plagiarism, accuracy, readability, and more.Jonathan GillhamMay 21, 2026."
"FEATUREDAI Detection Accuracy Studies — Meta-Analysis of 14 StudiesA comprehensive overview and meta-analysis of academic research and studies that demonstrate the exceptional performance of Originality.ai in detecting AI-generated text.Jonathan GillhamApril 1, 2026",Consulter le site officiel pour lire l'intégralité de l'article.,https://originality.ai/blog/ai-detection-studies-round-up,2026-05-21T23:22:18.509936,Originality.ai Blog,2026-05-21T23:22:18.509938,5,tools_to_watch,Moyen,"FEATUREDAI Detection Accuracy Studies — Meta-Analysis of 14 StudiesA comprehensive overview and meta-analysis of academic research and studies that demonstrate the exceptional performance of Originality.ai in detecting AI-generated text.Jonathan GillhamApril 1, 2026."
"FEATUREDWe Have 99% Accuracy in Detecting AI: Originality.ai StudyWe believe that it is crucial for AI content detectors reported accuracy to be open, transparent, and accountable. The reality is, each person seeking AI-detection services deserves to know which detector is the most accurate for their specific use case.Jonathan GillhamJanuary 28, 2026",Consulter le site officiel pour lire l'intégralité de l'article.,https://originality.ai/blog/ai-accuracy,2026-05-21T23:22:18.509951,Originality.ai Blog,2026-05-21T23:22:18.509952,10,"tools_to_watch,core_keywords",Fort,"FEATUREDWe Have 99% Accuracy in Detecting AI: Originality.ai StudyWe believe that it is crucial for AI content detectors reported accuracy to be open, transparent, and accountable."
AI Fact Checking Accuracy StudyDiscover Originality.ai’s best-in-class fact checker. Find out how the Originality.ai Fact Checker compares to GPT-4o and GPT-5 in this accuracy study.,Consulter le site officiel pour lire l'intégralité de l'article.,https://originality.ai/blog/ai-fact-checking-accuracy,2026-05-21T23:22:18.509978,Originality.ai Blog,2026-05-21T23:22:18.509980,5,tools_to_watch,Moyen,AI Fact Checking Accuracy StudyDiscover Originality.ai’s best-in-class fact checker. Find out how the Originality.ai Fact Checker compares to GPT-4o and GPT-5 in this accuracy study..
"Introducing: Content Quality ScoreIntroducing Originality.ai Content Quality Score! Discover our latest feature and check how teachers or editors may perceive your essay, paper, or article before it’s submitted.",Consulter le site officiel pour lire l'intégralité de l'article.,https://originality.ai/blog/new-feature-content-quality-score,2026-05-21T23:22:18.509999,Originality.ai Blog,2026-05-21T23:22:18.510000,5,tools_to_watch,Moyen,Introducing: Content Quality ScoreIntroducing Originality.ai Content Quality Score!
Is Google Gemini Pro 1.5 Content Detectable?Discover if Google Gemini Pro 1.5 content is detectable. Our study shows 96.4% accuracy with Model 2.0 and 98.4% with 3.0 Turbo. Learn more at Originality.ai!,Consulter le site officiel pour lire l'intégralité de l'article.,https://originality.ai/blog/google-gemini-pro-content-detectable,2026-05-21T23:22:18.510106,Originality.ai Blog,2026-05-21T23:22:18.510107,5,tools_to_watch,Moyen,Learn more at Originality.ai!.
"Did DeepSeek Copy ChatGPT and is it Detectable?Using our proprietary Originality.ai AI detection tool, we analyzed DeepSeek Chat to find out if the LLM that disrupted the AI industry is detectable. Plus, see the latest AI detection accuracy for DeepSeek V3.2 (2025) and DeepSeek V4 Flash and V4 Pro (2026).",Consulter le site officiel pour lire l'intégralité de l'article.,https://originality.ai/blog/is-deepseek-detectable,2026-05-21T23:22:18.510201,Originality.ai Blog,2026-05-21T23:22:18.510202,5,tools_to_watch,Moyen,"Did DeepSeek Copy ChatGPT and is it Detectable?Using our proprietary Originality.ai AI detection tool, we analyzed DeepSeek Chat to find out if the LLM that disrupted the AI industry is detectable."
"How Can Students Use AI Ethically? Everything You Need to KnowAI in education is here to stay. Learn how students can use AI responsibly, and prove that their work is their own with tools like the Originality.ai Chrome Extension.",Consulter le site officiel pour lire l'intégralité de l'article.,https://originality.ai/blog/how-can-students-use-ai-ethically,2026-05-21T23:22:18.510236,Originality.ai Blog,2026-05-21T23:22:18.510237,7,"tools_to_watch,regulation_academic",Moyen,"Everything You Need to KnowAI in education is here to stay. Learn how students can use AI responsibly, and prove that their work is their own with tools like the Originality.ai Chrome Extension.."
"Niche Idea Generator ToolAs you browse through the web looking for new business ideas, you tend to encounter some issues as regards discovering lucrative niche markets. Thanks to the Originality.ai’s niche generator, there is a solution. It effortlessly identifies profitable niches based on realistic market research. By leveraging on trends across numerous search volumes, the niche generator can shine a light on niches primed for growth. What a way to access hidden opportunities in niche markets.",Consulter le site officiel pour lire l'intégralité de l'article.,https://originality.ai/blog/niche-idea-generator,2026-05-21T23:22:18.510271,Originality.ai Blog,2026-05-21T23:22:18.510272,5,tools_to_watch,Moyen,"Thanks to the Originality.ai’s niche generator, there is a solution."
"Is Llama 4 Maverick and Scout AI Content Detectable?Meta released Llama 4 Maverick and Llama 4 Scout in 2025. In this brief study, we reviewed Llama 4 Maverick and Llama 4 Scout to find out if their content is detectable by Originality.ai.",Consulter le site officiel pour lire l'intégralité de l'article.,https://originality.ai/blog/llama-ai-content-detectable,2026-05-21T23:22:18.510292,Originality.ai Blog,2026-05-21T23:22:18.510293,5,tools_to_watch,Moyen,"In this brief study, we reviewed Llama 4 Maverick and Llama 4 Scout to find out if their content is detectable by Originality.ai.."
Is Loopple's AI Review Generator Detectable?Can Originality.ai detect Loopple's Review Generator? Find out in this in-depth Loople review!,Consulter le site officiel pour lire l'intégralité de l'article.,https://originality.ai/blog/loopple-ai-review,2026-05-21T23:22:18.510394,Originality.ai Blog,2026-05-21T23:22:18.510395,5,tools_to_watch,Moyen,Is Loopple's AI Review Generator Detectable?Can Originality.ai detect Loopple's Review Generator?
WriteSafe Plagiarism Checker ReviewCan the WriteSafe plagiarism checker detect plagiarism? We tested it against the Originality.ai plagiarism detector. See which tool comes out ahead in our comparative WriteSafe review.,Consulter le site officiel pour lire l'intégralité de l'article.,https://originality.ai/blog/writesafe-plagiarism-review,2026-05-21T23:22:18.510475,Originality.ai Blog,2026-05-21T23:22:18.510476,10,"tools_to_watch,core_keywords",Fort,We tested it against the Originality.ai plagiarism detector.
"Sentence SimplifierHave you heard about a tool that simply simplifies and summarizes long essays or write-ups for you? Well, the Originality.ai’s Sentence simplifier does just that and more! Imagine reading a bunch of words filled with complicated and advanced words, and you just find it hard to understand what you are reading, then this tool is exactly what you need.",Consulter le site officiel pour lire l'intégralité de l'article.,https://originality.ai/blog/sentence-simplifier,2026-05-21T23:22:18.510510,Originality.ai Blog,2026-05-21T23:22:18.510511,5,tools_to_watch,Moyen,"Well, the Originality.ai’s Sentence simplifier does just that and more!"
"Text EnhancerClarity in writing is one of the areas that human beings have devoted a lot of their time to cultivating. While correcting grammatical and especially orthographical mistakes using such options as spell check and grammar tools is rather simple, it remains complicated to enrich the deeper parameters of writing. Glad to introduce you to Originality.ai Text Enhancer, which aims to help you address this problem painlessly. The Originality.ai Text Enhancer’s purpose is to enhance your writing style, flow, and use of words and phrases. It also keeps the meaning and intent of your text intact.",Consulter le site officiel pour lire l'intégralité de l'article.,https://originality.ai/blog/text-enhancer,2026-05-21T23:22:18.510527,Originality.ai Blog,2026-05-21T23:22:18.510528,5,tools_to_watch,Moyen,"Glad to introduce you to Originality.ai Text Enhancer, which aims to help you address this problem painlessly. The Originality.ai Text Enhancer’s purpose is to enhance your writing style, flow, and use of words and phrases."
AgencyHandy Review: Are Its AI-Generated Blogs Detectable?Are AI blogs generated by AgencyHandy’s blog generator detectable by AI content detectors? We break down how it works and whether the blogs it generates are detectable as Likely AI in this in-depth review.,Consulter le site officiel pour lire l'intégralité de l'article.,https://originality.ai/blog/agencyhandy-ai-blog-review,2026-05-21T23:22:18.510545,Originality.ai Blog,2026-05-21T23:22:18.510546,5,core_keywords,Moyen,AgencyHandy Review: Are Its AI-Generated Blogs Detectable?Are AI blogs generated by AgencyHandy’s blog generator detectable by AI content detectors?
iWeaver AI Review: Are Its AI-Generated Blogs Detectable?Can AI-generated blog posts from iWeaver get past modern AI content detectors? We’ll take an in-depth look at the iWeaver AI blog generator and whether it is detectable in this review.,Consulter le site officiel pour lire l'intégralité de l'article.,https://originality.ai/blog/iweaver-ai-review,2026-05-21T23:22:18.510661,Originality.ai Blog,2026-05-21T23:22:18.510662,5,core_keywords,Moyen,iWeaver AI Review: Are Its AI-Generated Blogs Detectable?Can AI-generated blog posts from iWeaver get past modern AI content detectors?
"Story GeneratorThe Originality.ai Story Generator is not just a simple tool that produces a plot at random. It is a very complex element that considers such factors as character progression, plot advancement, and the creation of a universe.",Consulter le site officiel pour lire l'intégralité de l'article.,https://originality.ai/blog/story-generator,2026-05-21T23:22:18.510678,Originality.ai Blog,2026-05-21T23:22:18.510679,5,tools_to_watch,Moyen,Story GeneratorThe Originality.ai Story Generator is not just a simple tool that produces a plot at random.
Is GPT-5.3 Instant and GPT-5.4 Content Detectable?OpenAI just released GPT-5.3 Instant and GPT-5.4 in March 2026. Is GPT-5.3 Instant and GPT-5.4-generated text still detectable as AI by the industry-leading Originality.ai AI Checker? These are our findings.,Consulter le site officiel pour lire l'intégralité de l'article.,https://originality.ai/blog/are-gpt-5-3-and-5-4-detectable,2026-05-21T23:22:18.510695,Originality.ai Blog,2026-05-21T23:22:18.510696,5,tools_to_watch,Moyen,Is GPT-5.3 Instant and GPT-5.4-generated text still detectable as AI by the industry-leading Originality.ai AI Checker?
Highperformr AI Blog Post Generator: Is it Detectable?Find out whether the Highperformr AI Blog Post Generator’s blogs are detectable by AI content detectors in this in-depth review.,Consulter le site officiel pour lire l'intégralité de l'article.,https://originality.ai/blog/highperformr-ai-review,2026-05-21T23:22:18.510710,Originality.ai Blog,2026-05-21T23:22:18.510711,5,core_keywords,Moyen,Highperformr AI Blog Post Generator: Is it Detectable?Find out whether the Highperformr AI Blog Post Generator’s blogs are detectable by AI content detectors in this in-depth review..
"30% of Public Feedback on Higher Education Act Changes (Student Financial Aid) was Likely AIIn 2025, the US Department of Education held a public hearing, accepting comments and feedback about changes to the Higher Education Act for Federal student financial assistance programs. At Originality.ai, we analyzed how much of that feedback was Likely AI.",Consulter le site officiel pour lire l'intégralité de l'article.,https://originality.ai/blog/higher-education-act-changes-public-feedback-study,2026-05-21T23:22:18.510741,Originality.ai Blog,2026-05-21T23:22:18.510743,5,tools_to_watch,Moyen,"At Originality.ai, we analyzed how much of that feedback was Likely AI.."
"Oreate AI Humanizer: Is It Detectable?Is the Oreate AI Humanizer detectable? We tested this AI humanizer against Originality.ai, ZeroGPT, and Writer. See the full results in our Oreate AI humanizer review.",Consulter le site officiel pour lire l'intégralité de l'article.,https://originality.ai/blog/oreate-ai-review,2026-05-21T23:22:18.510774,Originality.ai Blog,2026-05-21T23:22:18.510775,10,"evasion_bypass,tools_to_watch",Fort,"We tested this AI humanizer against Originality.ai, ZeroGPT, and Writer. Oreate AI Humanizer: Is It Detectable?Is the Oreate AI Humanizer detectable?"
"AI Prompt GeneratorDiscover the NEW Originality.ai AI Prompt Generator. Conveniently generate and fine-tune prompts. Plus, run your prompts in the Originality.ai web app to create text and image content.",Consulter le site officiel pour lire l'intégralité de l'article.,https://originality.ai/blog/ai-prompt-generator,2026-05-21T23:22:18.510805,Originality.ai Blog,2026-05-21T23:22:18.510806,5,tools_to_watch,Moyen,"AI Prompt GeneratorDiscover the NEW Originality.ai AI Prompt Generator. Plus, run your prompts in the Originality.ai web app to create text and image content.."
PlagiarismRemover: ReviewCan PlagiarismRemover accurately detect plagiarism? We tested the online plagiarism checker against Originality.ai. See the results in our PlagiarismRemover review.,Consulter le site officiel pour lire l'intégralité de l'article.,https://originality.ai/blog/plagiarismremover-review,2026-05-21T23:22:18.510853,Originality.ai Blog,2026-05-21T23:22:18.510854,5,tools_to_watch,Moyen,We tested the online plagiarism checker against Originality.ai.
"Meet the Upgraded Originality.ai Chrome Extension for Google DocsStreamline content verification and ensure authenticity with the Originality.ai Chrome Extension. A must-have tool for editors, marketing agencies, and web publishers.",Consulter le site officiel pour lire l'intégralité de l'article.,https://originality.ai/blog/originality-updated-ai-chrome-extension,2026-05-21T23:22:18.510885,Originality.ai Blog,2026-05-21T23:22:18.510886,8,"tools_to_watch,cybersecurity_forensic",Moyen,Meet the Upgraded Originality.ai Chrome Extension for Google DocsStreamline content verification and ensure authenticity with the Originality.ai Chrome Extension.
CopyChecker Plagiarism Checker ReviewDoes CopyChecker detect plagiarism? We tested it against Originality.ai and share the results with you in this detailed CopyChecker plagiarism checker review.,Consulter le site officiel pour lire l'intégralité de l'article.,https://originality.ai/blog/copychecker-review,2026-05-21T23:22:18.510932,Originality.ai Blog,2026-05-21T23:22:18.510934,5,tools_to_watch,Moyen,We tested it against Originality.ai and share the results with you in this detailed CopyChecker plagiarism checker review..
MoltBook’s Viral Agent Posts Produce 3 x More Harmful Factual Errors Than RedditMoltBook may be making waves in the media… but these viral agent posts are highly concerning. Originality.ai’s study with our proprietary fact-checking software found that Moltbook produces 3 X more harmful factual errors than Reddit.,Consulter le site officiel pour lire l'intégralité de l'article.,https://originality.ai/blog/moltbook-study,2026-05-21T23:22:18.510996,Originality.ai Blog,2026-05-21T23:22:18.510997,5,tools_to_watch,Moyen,Originality.ai’s study with our proprietary fact-checking software found that Moltbook produces 3 X more harmful factual errors than Reddit..
WriteMail AI Email Writer Review: Is it Detectable?Are the AI emails generated by the WriteMail AI Email Writer still detectable? We test an AI email sample in this in-depth review to see if it’s detectable by Originality.ai and other popular AI detectors.,Consulter le site officiel pour lire l'intégralité de l'article.,https://originality.ai/blog/writemail-ai-review,2026-05-21T23:22:18.511045,Originality.ai Blog,2026-05-21T23:22:18.511046,5,tools_to_watch,Moyen,We test an AI email sample in this in-depth review to see if it’s detectable by Originality.ai and other popular AI detectors..
Is CoSchedule's Hire Mia AI Marketing Humanizer Detectable?Discover if CoSchedule’s Hire Mia AI Marketing Humanizer can produce more human-like content that evades AI detection tools.,Consulter le site officiel pour lire l'intégralité de l'article.,https://originality.ai/blog/coschedule-hiremia-review,2026-05-21T23:22:18.511060,Originality.ai Blog,2026-05-21T23:22:18.511061,5,evasion_bypass,Moyen,Is CoSchedule's Hire Mia AI Marketing Humanizer Detectable?Discover if CoSchedule’s Hire Mia AI Marketing Humanizer can produce more human-like content that evades AI detection tools..
Surgegraph.io: AI Detector ReviewDoes the Surgegraph.io AI detector really detect AI content? We tested Surgegraph against the Originality.ai AI detector. See our full results and review here.,Consulter le site officiel pour lire l'intégralité de l'article.,https://originality.ai/blog/surgegraph-io-ai-detector-review,2026-05-21T23:22:18.511095,Originality.ai Blog,2026-05-21T23:22:18.511096,5,tools_to_watch,Moyen,We tested Surgegraph against the Originality.ai AI detector.
PaperRater: Plagiarism Checker ReviewWe review PaperRater’s plagiarism checker to see how it detects plagiarism when compared to the Originality.ai plagiarism checker. Read more in this detailed review.,Consulter le site officiel pour lire l'intégralité de l'article.,https://originality.ai/blog/paperrater-plagiarism-checker-review,2026-05-21T23:22:18.511121,Originality.ai Blog,2026-05-21T23:22:18.511123,5,tools_to_watch,Moyen,PaperRater: Plagiarism Checker ReviewWe review PaperRater’s plagiarism checker to see how it detects plagiarism when compared to the Originality.ai plagiarism checker.
SEO Tools Centre: Plagiarism Checker ReviewSee how the SEO Tools Centre plagiarism checker compares to the Originality.ai plagiarism checker in this detailed plagiarism detector review.,Consulter le site officiel pour lire l'intégralité de l'article.,https://originality.ai/blog/seo-tools-centre-plagiarism-checker-review,2026-05-21T23:22:18.511154,Originality.ai Blog,2026-05-21T23:22:18.511155,5,tools_to_watch,Moyen,SEO Tools Centre: Plagiarism Checker ReviewSee how the SEO Tools Centre plagiarism checker compares to the Originality.ai plagiarism checker in this detailed plagiarism detector review..
Skandy: Plagiarism Checker ReviewSee how the Skandy plagiarism checker compares to the Originality.ai plagiarism checker in this detailed plagiarism detector review,Consulter le site officiel pour lire l'intégralité de l'article.,https://originality.ai/blog/skandy-plagiarism-checker-review,2026-05-21T23:22:18.511170,Originality.ai Blog,2026-05-21T23:22:18.511171,5,tools_to_watch,Moyen,Skandy: Plagiarism Checker ReviewSee how the Skandy plagiarism checker compares to the Originality.ai plagiarism checker in this detailed plagiarism detector review.
"University of Wisconsin-Madison Study Finds That Originality.ai Effectively Identifies Student-Written College Coursework From AI-Generated TextAccording to the 2024 study, “Students are using large language models and AI detectors can often detect their use,” Originality.ai is highly effective at identifying AI-generated and AI-modified text.",Consulter le site officiel pour lire l'intégralité de l'article.,https://originality.ai/blog/ai-text-detection-college-coursework,2026-05-21T23:22:18.511236,Originality.ai Blog,2026-05-21T23:22:18.511237,5,tools_to_watch,Moyen,"University of Wisconsin-Madison Study Finds That Originality.ai Effectively Identifies Student-Written College Coursework From AI-Generated TextAccording to the 2024 study, “Students are using large language models and AI detectors can often detect their use,” Originality.ai is highly effective at identifying AI-generated and AI-modified text.."
Summarizer AI Humanizer: Can It Bypass Popular AI Detectors?Can humanized AI text really slip past today’s strongest AI detectors? We put the Summarizer AI Humanizer to the test in this review.,Consulter le site officiel pour lire l'intégralité de l'article.,https://originality.ai/blog/summarizer-ai-humanizer-review,2026-05-21T23:22:18.511350,Originality.ai Blog,2026-05-21T23:22:18.511351,5,evasion_bypass,Moyen,Summarizer AI Humanizer: Can It Bypass Popular AI Detectors?Can humanized AI text really slip past today’s strongest AI detectors? We put the Summarizer AI Humanizer to the test in this review..
"Apology Letter Template and GeneratorConveniently generate an apology letter, email, or speech. Communicate your apology and prepare the best apology letter with the Originality.ai Apology Letter Template and Generator.",Consulter le site officiel pour lire l'intégralité de l'article.,https://originality.ai/blog/apology-letter-template-and-generator,2026-05-21T23:22:18.511381,Originality.ai Blog,2026-05-21T23:22:18.511382,5,tools_to_watch,Moyen,Communicate your apology and prepare the best apology letter with the Originality.ai Apology Letter Template and Generator..
Social Media Content Calendar TemplateStreamline the planning process for your social media content calendar with the Originality.ai social media content calendar template generator.,Consulter le site officiel pour lire l'intégralité de l'article.,https://originality.ai/blog/social-media-content-calendar-template,2026-05-21T23:22:18.511396,Originality.ai Blog,2026-05-21T23:22:18.511398,5,tools_to_watch,Moyen,Social Media Content Calendar TemplateStreamline the planning process for your social media content calendar with the Originality.ai social media content calendar template generator..
Originality.ai Content Calendar Template GeneratorMake planning your content calendar a breeze with the free Originality.ai Content Calendar Template Generator tool.,Consulter le site officiel pour lire l'intégralité de l'article.,https://originality.ai/blog/originality-ai-content-calendar-template-generator,2026-05-21T23:22:18.511415,Originality.ai Blog,2026-05-21T23:22:18.511417,5,tools_to_watch,Moyen,Originality.ai Content Calendar Template GeneratorMake planning your content calendar a breeze with the free Originality.ai Content Calendar Template Generator tool..
"Freelance Contract Template GeneratorGenerate a freelance contract quickly, efficiently, and with custom inputs using the Originality.ai freelance contract template and generator.",Consulter le site officiel pour lire l'intégralité de l'article.,https://originality.ai/blog/freelance-contract-template-generator,2026-05-21T23:22:18.511448,Originality.ai Blog,2026-05-21T23:22:18.511449,5,tools_to_watch,Moyen,"Freelance Contract Template GeneratorGenerate a freelance contract quickly, efficiently, and with custom inputs using the Originality.ai freelance contract template and generator.."
LinkedIn Job Posting & Description TemplateWrite a clear and professional LinkedIn job announcement with the Originality.ai LinkedIn Job Announcement Template and Generator.,Consulter le site officiel pour lire l'intégralité de l'article.,https://originality.ai/blog/linkedin-job-posting-description-template,2026-05-21T23:22:18.511463,Originality.ai Blog,2026-05-21T23:22:18.511464,5,tools_to_watch,Moyen,LinkedIn Job Posting & Description TemplateWrite a clear and professional LinkedIn job announcement with the Originality.ai LinkedIn Job Announcement Template and Generator..
LinkedIn Message TemplateExperiencing writer’s block while writing LinkedIn messages? Use the Originality.ai LinkedIn message template to quickly generate messages and stay connected.,Consulter le site officiel pour lire l'intégralité de l'article.,https://originality.ai/blog/linkedin-message-template,2026-05-21T23:22:18.511480,Originality.ai Blog,2026-05-21T23:22:18.511481,5,tools_to_watch,Moyen,Use the Originality.ai LinkedIn message template to quickly generate messages and stay connected..
"Resume GeneratorWriting a resume that stands out to recruiters, prospective employers, and hiring managers is a lengthy process. Save time with the Originality.ai Resume Generator and generate a customizable resume template.",Consulter le site officiel pour lire l'intégralité de l'article.,https://originality.ai/blog/resume-generator,2026-05-21T23:22:18.511514,Originality.ai Blog,2026-05-21T23:22:18.511515,5,tools_to_watch,Moyen,Save time with the Originality.ai Resume Generator and generate a customizable resume template..
ParaphraseApp Plagiarism Checker ReviewDoes the ParaphraseApp plagiarism checker detect plagiarism? We tested it against Originality.ai in this detailed ParaphraseApp plagiarism detector review.,Consulter le site officiel pour lire l'intégralité de l'article.,https://originality.ai/blog/paraphraseapp-review,2026-05-21T23:22:18.511611,Originality.ai Blog,2026-05-21T23:22:18.511612,5,tools_to_watch,Moyen,We tested it against Originality.ai in this detailed ParaphraseApp plagiarism detector review..
"UniWriter Essay Writer Review: Is it Detectable?Is the UniWriter Essay Writer detectable? We tested it against Originality.ai and others, and share the results in our detailed UniWriter Essay Writer review.",Consulter le site officiel pour lire l'intégralité de l'article.,https://originality.ai/blog/uniwriter-essay-review,2026-05-21T23:22:18.511629,Originality.ai Blog,2026-05-21T23:22:18.511630,5,tools_to_watch,Moyen,"We tested it against Originality.ai and others, and share the results in our detailed UniWriter Essay Writer review.."
Base Models Look Human To AI Detectors,"As AI-generated text enters the real-world at scale, institutions increasingly use commercial AI-text detectors, especially in education and academic-integrity workflows. We report a surprising empirical finding about such systems: when evaluated by GPTZero and Pangram, generated text from base models is often judged overwhelmingly human, whereas text generated by their instruction-tuned counterpa...",https://arxiv.org/abs/2605.19516v1,2026-05-19T08:13:12Z,arXiv Academic API,2026-05-21T23:22:25.116795,5,tools_to_watch,Moyen,"We report a surprising empirical finding about such systems: when evaluated by GPTZero and Pangram, generated text from base models is often judged overwhelmingly human, whereas text generated by their instruction-tuned counterpa..."
